{
  "execPath": "/Users/paul/.platformio/packages/toolchain-atmelavr/bin/avr-g++",
  "gccDefaultCFlags": "-fsyntax-only -std=gnu11 -g -Os -Wall -ffunction-sections -fdata-sections -mmcu=atmega328p -DF_CPU=16000000L -DPLATFORMIO=030100 -DARDUINO_ARCH_AVR -DARDUINO_AVR_PRO -DARDUINO=10608",
  "gccDefaultCppFlags": "-fsyntax-only -fno-exceptions -fno-threadsafe-statics -std=gnu++11 -g -Os -Wall -ffunction-sections -fdata-sections -mmcu=atmega328p -DF_CPU=16000000L -DPLATFORMIO=030100 -DARDUINO_ARCH_AVR -DARDUINO_AVR_PRO -DARDUINO=10608",
  "gccErrorLimit": 15,
  "gccIncludePaths": "/Users/paul/.platformio/packages/framework-arduinoavr/cores/arduino,/Users/paul/.platformio/packages/framework-arduinoavr/variants/eightanaloginputs,/Users/paul/Projects/Arduino/arduino-tvout/src,/Users/paul/.platformio/packages/framework-arduinoavr/libraries/Bridge/src,/Users/paul/.platformio/packages/framework-arduinoavr/libraries/EEPROM/src,/Users/paul/.platformio/packages/framework-arduinoavr/libraries/Esplora/src,/Users/paul/.platformio/packages/framework-arduinoavr/libraries/Ethernet/src,/Users/paul/.platformio/packages/framework-arduinoavr/libraries/Firmata,/Users/paul/.platformio/packages/framework-arduinoavr/libraries/Firmata/utility,/Users/paul/.platformio/packages/framework-arduinoavr/libraries/GSM/src,/Users/paul/.platformio/packages/framework-arduinoavr/libraries/HID/src,/Users/paul/.platformio/packages/framework-arduinoavr/libraries/Keyboard/src,/Users/paul/.platformio/packages/framework-arduinoavr/libraries/LiquidCrystal/src,/Users/paul/.platformio/packages/framework-arduinoavr/libraries/Mouse/src,/Users/paul/.platformio/packages/framework-arduinoavr/libraries/RobotIRremote/src,/Users/paul/.platformio/packages/framework-arduinoavr/libraries/Robot_Control/src,/Users/paul/.platformio/packages/framework-arduinoavr/libraries/Robot_Motor/src,/Users/paul/.platformio/packages/framework-arduinoavr/libraries/SD/src,/Users/paul/.platformio/packages/framework-arduinoavr/libraries/SPI/src,/Users/paul/.platformio/packages/framework-arduinoavr/libraries/Scheduler/src,/Users/paul/.platformio/packages/framework-arduinoavr/libraries/Servo/src,/Users/paul/.platformio/packages/framework-arduinoavr/libraries/SoftwareSerial/src,/Users/paul/.platformio/packages/framework-arduinoavr/libraries/SpacebrewYun/src,/Users/paul/.platformio/packages/framework-arduinoavr/libraries/Stepper/src,/Users/paul/.platformio/packages/framework-arduinoavr/libraries/TFT/src,/Users/paul/.platformio/packages/framework-arduinoavr/libraries/Temboo/src,/Users/paul/.platformio/packages/framework-arduinoavr/libraries/USBHost/src,/Users/paul/.platformio/packages/framework-arduinoavr/libraries/WiFi/src,/Users/paul/.platformio/packages/framework-arduinoavr/libraries/Wire/src,/Users/paul/.platformio/packages/toolchain-atmelavr/avr/include,/Users/paul/.platformio/packages/toolchain-atmelavr/bfd/include,/Users/paul/.platformio/packages/toolchain-atmelavr/lib/gcc/avr/4.8.1/include,/Users/paul/.platformio/packages/toolchain-atmelavr/lib/gcc/avr/4.8.1/include-fixed",
  "gccSuppressWarnings": false
}
